Workbook

Sheet Row
A1: assessment_id | B1: month | C1: course_id | D1: batch | E1: score | F1: attendance_pct
A2: 1 | B2: Jan | C2: C1 | D2: Morning | E2: 72 | F2: 90
A3: 2 | B3: Jan | C3: C2 | D3: Evening | E3: 45 | F3: 70
A4: 3 | B4: Jan | C4: C3 | D4: Morning | E4: 65 | F4: 85
A5: 4 | B5: Jan | C5: C4 | D5: Weekend | E5: 38 | F5: 60
A6: 5 | B6: Feb | C6: C1 | D6: Evening | E6: 80 | F6: 95
A7: 6 | B7: Feb | C7: C2 | D7: Weekend | E7: 55 | F7: 80
A8: 7 | B8: Feb | C8: C3 | D8: Morning | E8: 48 | F8: 75
A9: 8 | B9: Feb | C9: C4 | D9: Evening | E9: 68 | F9: 88
A10: 9 | B10: Mar | C10: C1 | D10: Weekend | E10: 90 | F10: 98
A11: 10 | B11: Mar | C11: C2 | D11: Morning | E11: 60 | F11: 82
A12: 11 | B12: Mar | C12: C3 | D12: Evening | E12: 75 | F12: 92
A13: 12 | B13: Mar | C13: C4 | D13: Weekend | E13: 42 | F13: 65
A14: 12 | B14: Mar | C14: C4 | D14: Weekend | E14: 42 | F14: 65

Sheet Lookup
A1: Column1 | B1: Column2 | C1: Column3
A2: course_id | B2: course | C2: department
A3: C1 | B3: Excel | C3: Business
A4: C2 | B4: PowerBI | C4: Business
A5: C3 | B5: SQL | C5: Technology
A6: C4 | B6: Python | C6: Technology

Sheet Clean
A1: assessment_id | B1: month | C1: course_id | D1: batch | E1: score | F1: attendance_pct | G1: department | H1: pass_flag
A2: 1 | B2: Jan | C2: C1 | D2: Morning | E2: 72 | F2: 90 | G2: =_xlfn.XLOOKUP(C2,Lookup!$A$3:$A$6,Lookup!$C$3:$C$6,"Not Found") -> Business | H2: =IF(E2>=50,1,0) -> 1
A3: 2 | B3: Jan | C3: C2 | D3: Evening | E3: 45 | F3: 70 | G3: =_xlfn.XLOOKUP(C3,Lookup!$A$3:$A$6,Lookup!$C$3:$C$6,"Not Found") -> Business | H3: =IF(E3>=50,1,0) -> 0
A4: 3 | B4: Jan | C4: C3 | D4: Morning | E4: 65 | F4: 85 | G4: =_xlfn.XLOOKUP(C4,Lookup!$A$3:$A$6,Lookup!$C$3:$C$6,"Not Found") -> Technology | H4: =IF(E4>=50,1,0) -> 1
A5: 4 | B5: Jan | C5: C4 | D5: Weekend | E5: 38 | F5: 60 | G5: =_xlfn.XLOOKUP(C5,Lookup!$A$3:$A$6,Lookup!$C$3:$C$6,"Not Found") -> Technology | H5: =IF(E5>=50,1,0) -> 0
A6: 5 | B6: Feb | C6: C1 | D6: Evening | E6: 80 | F6: 95 | G6: =_xlfn.XLOOKUP(C6,Lookup!$A$3:$A$6,Lookup!$C$3:$C$6,"Not Found") -> Business | H6: =IF(E6>=50,1,0) -> 1
A7: 6 | B7: Feb | C7: C2 | D7: Weekend | E7: 55 | F7: 80 | G7: =_xlfn.XLOOKUP(C7,Lookup!$A$3:$A$6,Lookup!$C$3:$C$6,"Not Found") -> Business | H7: =IF(E7>=50,1,0) -> 1
A8: 7 | B8: Feb | C8: C3 | D8: Morning | E8: 48 | F8: 75 | G8: =_xlfn.XLOOKUP(C8,Lookup!$A$3:$A$6,Lookup!$C$3:$C$6,"Not Found") -> Technology | H8: =IF(E8>=50,1,0) -> 0
A9: 8 | B9: Feb | C9: C4 | D9: Evening | E9: 68 | F9: 88 | G9: =_xlfn.XLOOKUP(C9,Lookup!$A$3:$A$6,Lookup!$C$3:$C$6,"Not Found") -> Technology | H9: =IF(E9>=50,1,0) -> 1
A10: 9 | B10: Mar | C10: C1 | D10: Weekend | E10: 90 | F10: 98 | G10: =_xlfn.XLOOKUP(C10,Lookup!$A$3:$A$6,Lookup!$C$3:$C$6,"Not Found") -> Business | H10: =IF(E10>=50,1,0) -> 1
A11: 10 | B11: Mar | C11: C2 | D11: Morning | E11: 60 | F11: 82 | G11: =_xlfn.XLOOKUP(C11,Lookup!$A$3:$A$6,Lookup!$C$3:$C$6,"Not Found") -> Business | H11: =IF(E11>=50,1,0) -> 1
A12: 11 | B12: Mar | C12: C3 | D12: Evening | E12: 75 | F12: 92 | G12: =_xlfn.XLOOKUP(C12,Lookup!$A$3:$A$6,Lookup!$C$3:$C$6,"Not Found") -> Technology | H12: =IF(E12>=50,1,0) -> 1
A13: 12 | B13: Mar | C13: C4 | D13: Weekend | E13: 42 | F13: 65 | G13: =_xlfn.XLOOKUP(C13,Lookup!$A$3:$A$6,Lookup!$C$3:$C$6,"Not Found") -> Technology | H13: =IF(E13>=50,1,0) -> 0
A17: Description | B17: Count
A18: Before duplicate removal | B18: 13
A19: After duplicate removal | B19: 12

Sheet Summary
A1: Batch Summary
A3: Batch | B3: Passing Assessments
A4: Morning | B4: =COUNTIFS(Clean!$D:$D,A4,Clean!$H:$H,1) -> 3
A5: Evening | B5: =COUNTIFS(Clean!$D:$D,A5,Clean!$H:$H,1) -> 3
A6: Weekend | B6: =COUNTIFS(Clean!$D:$D,A6,Clean!$H:$H,1) -> 2
A8: Average Score by Department and Month
A9: Average of score | B9: Column Labels
A10: Row Labels | B10: Jan | C10: Feb | D10: Mar | E10: Grand Total
A11: Business | B11: 58.5 | C11: 67.5 | D11: 75 | E11: 67
A12: Technology | B12: 51.5 | C12: 58 | D12: 58.5 | E12: 56
A13: Grand Total | B13: 55 | C13: 62.75 | D13: 66.75 | E13: 61.5
